Ngram,Count,KneserNey_Prob
"<s> <s> <s> చండీగఢ్",2,0.00023490986443428408
"<s> <s> చండీగఢ్ :",2,0.964932134776249
"<s> చండీగఢ్ : ఒక్కసారి",1,0.18766114802630696
"చండీగఢ్ : ఒక్కసారి నోరుజారి",1,0.44577376034863364
": ఒక్కసారి నోరుజారి అనకూడదని",1,0.5781269283951181
"ఒక్కసారి నోరుజారి అనకూడదని మాట",1,0.5782233481510262
"నోరుజారి అనకూడదని మాట అంటే",1,0.4401235261446047
"అనకూడదని మాట అంటే వెనక్కు",1,0.4382549751913839
"మాట అంటే వెనక్కు తీసుకోవడం",1,0.45513019166819035
"అంటే వెనక్కు తీసుకోవడం కష్టం",1,0.44316171664304976
"వెనక్కు తీసుకోవడం కష్టం .",1,0.6160379322922733
"తీసుకోవడం కష్టం . ప్రజా",1,0.2709725814558012
"కష్టం . ప్రజా జీవితంలో",1,0.276465955635424
". ప్రజా జీవితంలో ఉండేవారు",1,0.4407924132650729
"ప్రజా జీవితంలో ఉండేవారు మరింత",1,0.4492984569982173
"జీవితంలో ఉండేవారు మరింత జాగ్రత్తగా",1,0.43846398471193704
"ఉండేవారు మరింత జాగ్రత్తగా ఉండాలి",1,0.4845018455455501
"మరింత జాగ్రత్తగా ఉండాలి .",1,0.8578893992771867
"జాగ్రత్తగా ఉండాలి . లేకుంటే",1,0.1280886056273586
"ఉండాలి . లేకుంటే వివాదాల్లో",1,0.3578144283951182
". లేకుంటే వివాదాల్లో చిక్కుకుంటారు",1,0.5781269283951181
"లేకుంటే వివాదాల్లో చిక్కుకుంటారు .",1,0.5955750474242355
"వివాదాల్లో చిక్కుకుంటారు . హర్యానా",1,0.43750732361731876
"చిక్కుకుంటారు . హర్యానా ముఖ్యమంత్రి",1,0.4577821252261018
". హర్యానా ముఖ్యమంత్రి మనోహర్",1,0.4384484511559902
"హర్యానా ముఖ్యమంత్రి మనోహర్ ఖట్టర్",1,0.45508198179023635
"ముఖ్యమంత్రి మనోహర్ ఖట్టర్ కూ",1,0.5078259987658271
"మనోహర్ ఖట్టర్ కూ డా",1,0.44923996234629976
"ఖట్టర్ కూ డా ఇప్పుడు",1,0.44641814444822187
"కూ డా ఇప్పుడు అదే",1,0.4475387746631204
"డా ఇప్పుడు అదే పరిస్థితిలో",1,0.27753711529449565
"ఇప్పుడు అదే పరిస్థితిలో ఉన్నారు",1,0.44945015741417926
"అదే పరిస్థితిలో ఉన్నారు .",1,0.9482478853749352
"పరిస్థితిలో ఉన్నారు . ‘",1,0.2527759148150712
"ఉన్నారు . ‘ ఇప్పుడు",1,0.2516271731769024
". ‘ ఇప్పుడు హర్యానాలో",1,0.43790015469772064
"‘ ఇప్పుడు హర్యానాలో అబ్బాయిలు",1,0.4726620351853545
"ఇప్పుడు హర్యానాలో అబ్బాయిలు పెళ్లి",1,0.47279702284362574
"హర్యానాలో అబ్బాయిలు పెళ్లి కాలేదని",1,0.43907569879325314
"అబ్బాయిలు పెళ్లి కాలేదని దిగులుపడక్కర్లేదు",1,0.45759121410940384
"పెళ్లి కాలేదని దిగులుపడక్కర్లేదు .",1,0.5955750474242355
"కాలేదని దిగులుపడక్కర్లేదు . కశ్మీర్",1,0.43764940796912705
"దిగులుపడక్కర్లేదు . కశ్మీర్ నుంచి",1,0.27448133970280025
". కశ్మీర్ నుంచి వధువుల్ని",1,0.43766100311658873
"కశ్మీర్ నుంచి వధువుల్ని తెచ్చుకోవచ్చు",1,0.5781269283951181
"నుంచి వధువుల్ని తెచ్చుకోవచ్చు …",1,0.578676521003794
"వధువుల్ని తెచ్చుకోవచ్చు … ’",1,0.44019097261439755
"తెచ్చుకోవచ్చు … ’ వ్యాఖ్యానించారు",1,0.34478995070633833
"… ’ వ్యాఖ్యానించారు .",1,0.9894502788316497
"’ వ్యాఖ్యానించారు . జమ్మూకశ్మీర్",1,0.1292656247102305
"వ్యాఖ్యానించారు . జమ్మూకశ్మీర్ కు",1,0.5556018806851944
". జమ్మూకశ్మీర్ కు ప్రత్యేక",1,0.7209115914461326
"జమ్మూకశ్మీర్ కు ప్రత్యేక ప్రతిపత్తి",1,0.34003676968594254
"కు ప్రత్యేక ప్రతిపత్తి కల్పించిన",1,0.1927141185186878
"ప్రత్యేక ప్రతిపత్తి కల్పించిన ఆర్టికల్",1,0.4843942839511816
"ప్రతిపత్తి కల్పించిన ఆర్టికల్ 370",1,0.5851675311114413
"కల్పించిన ఆర్టికల్ 370 రద్దును",1,0.2859390427160945
"ఆర్టికల్ 370 రద్దును దృష్టిలో",1,0.4844174246925995
"370 రద్దును దృష్టిలో ఉంచుకొని",1,0.5205990452301504
"రద్దును దృష్టిలో ఉంచుకొని ఆయన",1,0.33290481298852675
"దృష్టిలో ఉంచుకొని ఆయన అన్న",1,0.43776451752490725
"ఉంచుకొని ఆయన అన్న మాట",1,0.44791528093902006
"ఆయన అన్న మాట నిప్పును",1,0.3461760318859517
"అన్న మాట నిప్పును రాజేసింది",1,0.5781269283951181
"మాట నిప్పును రాజేసింది .",1,0.5955750474242355
"నిప్పును రాజేసింది . జాతీయ",1,0.4381248952587119
"రాజేసింది . జాతీయ మహిళా",1,0.25578090003199705
". జాతీయ మహిళా కమిషన్",1,0.4411318767339074
"జాతీయ మహిళా కమిషన్ (",1,0.4821971400053276
"మహిళా కమిషన్ ( ఎన్",1,0.5667098900829936
"కమిషన్ ( ఎన్ సిడబ్లూ",1,0.14474625783897987
"( ఎన్ సిడబ్లూ )",1,0.5793958123828679
"ఎన్ సిడబ్లూ ) ఛైర్",1,0.4376886570370709
"సిడబ్లూ ) ఛైర్ పర్సన్",1,0.5781346419755908
") ఛైర్ పర్సన్ రేఖా",1,0.46562885679023636
"ఛైర్ పర్సన్ రేఖా శర్మ",1,0.48442128148283586
"పర్సన్ రేఖా శర్మ ఆయన",1,0.4416177816803688
"రేఖా శర్మ ఆయన వ్యాఖ్యపై",1,0.4377029416830855
"శర్మ ఆయన వ్యాఖ్యపై విరుచుకుపడ్డారు",1,0.5781404271609453
"ఆయన వ్యాఖ్యపై విరుచుకుపడ్డారు .",1,0.9494468809280294
"వ్యాఖ్యపై విరుచుకుపడ్డారు . మహిళలపై",1,0.27344312276197513
"విరుచుకుపడ్డారు . మహిళలపై ఆ",1,0.4735934500274261
". మహిళలపై ఆ వ్యాఖ్య",1,0.437627442100761
"మహిళలపై ఆ వ్యాఖ్య చేసినందుకు",1,0.4575975502647921
"ఆ వ్యాఖ్య చేసినందుకు హర్యానా",1,0.4656384987658271
"వ్యాఖ్య చేసినందుకు హర్యానా సిఎం",1,0.4576394239873579
"చేసినందుకు హర్యానా సిఎం సంజాయిషీ",1,0.4417631167228347
"హర్యానా సిఎం సంజాయిషీ చెప్పాలని",1,0.5078472111121268
"సిఎం సంజాయిషీ చెప్పాలని ఆమె",1,0.4445567629735077
"సంజాయిషీ చెప్పాలని ఆమె శనివారం",1,0.4379465876629168
"చెప్పాలని ఆమె శనివారం డిమాండ్",1,0.4397449246198789
"ఆమె శనివారం డిమాండ్ చేశారు",1,0.6809399376342734
"శనివారం డిమాండ్ చేశారు .",1,0.9993607889779347
"డిమాండ్ చేశారు . </s>",11,0.39520274034343006
"చేశారు . </s> </s>",148,0.9999993453256604
". </s> </s> </s>",5771,0.9998708109303186
"<s> <s> <s> సిద్ధాంత్",1,4.710720789678515e-05
"<s> <s> సిద్ధాంత్ బాత్రా",1,0.5078163567902363
"<s> సిద్ధాంత్ బాత్రా అభ్యర్థనను",1,0.4726620351853545
"సిద్ధాంత్ బాత్రా అభ్యర్థనను ఐఐటీ",1,0.4843807851853545
"బాత్రా అభ్యర్థనను ఐఐటీ తిరస్కరించింది",1,0.5078202135804726
"అభ్యర్థనను ఐఐటీ తిరస్కరించింది .",1,0.8988937618560588
"ఐఐటీ తిరస్కరించింది . సీటు",1,0.29690609030672704
"తిరస్కరించింది . సీటు ఉపసంహరణ",1,0.34937870251862685
". సీటు ఉపసంహరణ లేఖ",1,0.5078780654340175
"సీటు ఉపసంహరణ లేఖ (",1,0.44229974070324385
"ఉపసంహరణ లేఖ ( క్యాన్సిలేషన్",1,0.4376691203284775
"లేఖ ( క్యాన్సిలేషన్ లెటర్",1,0.5781346419755908
"( క్యాన్సిలేషన్ లెటర్ )",1,0.46689581238286787
"క్యాన్సిలేషన్ లెటర్ ) ను",1,0.45037478002011244
"లెటర్ ) ను రద్దు",1,0.2623363758842889
") ను రద్దు చేసే",1,0.314019016962605
"ను రద్దు చేసే అధికారం",1,0.44215105643348696
"రద్దు చేసే అధికారం తమకు",1,0.3505249418012394
"చేసే అధికారం తమకు లేదని",1,0.451503576815834
"అధికారం తమకు లేదని బాంబే",1,0.3446745762968031
"తమకు లేదని బాంబే ఐఐటీ",1,0.4492226067902363
"లేదని బాంబే ఐఐటీ రిజిస్ట్రార్",1,0.5078163567902363
"బాంబే ఐఐటీ రిజిస్ట్రార్ ప్రేమ్",1,0.507824070370709
"ఐఐటీ రిజిస్ట్రార్ ప్రేమ్ కుమార్",1,0.5255154885839008
"రిజిస్ట్రార్ ప్రేమ్ కుమార్ కోర్టుకు",1,0.34484679067074175
"ప్రేమ్ కుమార్ కోర్టుకు తెలిపారు",1,0.47707427463774743
"కుమార్ కోర్టుకు తెలిపారు .",1,0.9961432294572564
"కోర్టుకు తెలిపారు . విద్యార్థి",1,0.12547065131035615
"తెలిపారు . విద్యార్థి బ్యాగ్రౌండ్",1,0.44755428483273363
". విద్యార్థి బ్యాగ్రౌండ్ ఏమిటన్నదానికంటే",1,0.46562692839511816
"విద్యాలయం అవలంభిస్తోన్న విధానాలే ముఖ్యమైనవని",1,0.5078144283951181
"నిబంధనల ప్రకారమే తాము నడుచుకుంటామని",1,0.43875738822756616
"ఐఐటీల్లో అడ్మిషన్ల వ్యవహారమంతా ‘",1,0.5787208740915116
"అడ్మిషన్ల వ్యవహారమంతా ‘ జాయింట్",1,0.43769008943815385
"వ్యవహారమంతా ‘ జాయింట్ సీట్",1,0.46094135679023635
"‘ జాయింట్ సీట్ అలాట్మెట్",1,0.5078144283951181
"జాయింట్ సీట్ అలాట్మెట్ అథారిటీ",1,0.5781346419755908
"సీట్ అలాట్మెట్ అథారిటీ '",1,0.46157579878411115
"అలాట్మెట్ అథారిటీ ' నిర్వహిస్తుందని",1,0.4377474976368435
"అథారిటీ ' నిర్వహిస్తుందని ప్రేమ్",1,0.578136570370709
"' నిర్వహిస్తుందని ప్రేమ్ కుమార్",1,0.5255154885839008
"నిర్వహిస్తుందని ప్రేమ్ కుమార్ వివరించారు",1,0.3448817667531902
"ప్రేమ్ కుమార్ వివరించారు .",1,0.9817408672086244
"కుమార్ వివరించారు . అంతేకాదు",1,0.254133807602272
"అతను వదులుకున్న సీటులో వేరేవాళ్లు",1,0.5781269283951181
"వదులుకున్న సీటులో వేరేవాళ్లు చేరిపోయారని",1,0.5781269283951181
"ప్రస్తుతం బాంబే ఐఐటీలో సీట్లు",1,0.414110709877954
"బాంబే ఐఐటీలో సీట్లు ఖాళీగా",1,0.44292534188083027
"ఐఐటీలో సీట్లు ఖాళీగా లేవని",1,0.45159181160579603
"సిద్ధాంత్ ఇక వచ్చే ఏడాది",1,0.42257614759903533
"ఇక వచ్చే ఏడాది జేఈఈకి",1,0.2586143237622711
"వచ్చే ఏడాది జేఈఈకి ప్రిపేర్",1,0.5781288567902363
"ఏడాది జేఈఈకి ప్రిపేర్ కావడం",1,0.5078703518535448
"జేఈఈకి ప్రిపేర్ కావడం మంచిదని",1,0.44204543464781837
"ప్రిపేర్ కావడం మంచిదని రిజిస్ట్రార్",1,0.45759314250452204
"కావడం మంచిదని రిజిస్ట్రార్ పేర్కొన్నారు",1,0.508028480253234
"మంచిదని రిజిస్ట్రార్ పేర్కొన్నారు .",1,0.9899018590694102
"రిజిస్ట్రార్ పేర్కొన్నారు . దీనిపై",1,0.2517514781030405
"పేర్కొన్నారు . దీనిపై .",1,0.270932540826081
". దీనిపై . .",1,0.5093062942680476
"దీనిపై . . </s>",1,0.36682877543872217
". . </s> </s>",383,0.999999747018793
"<s> <s> <s> బేర్",1,4.710720789678515e-05
"<s> <s> బేర్ గ్రిల్స్",1,0.5781288567902363
"<s> బేర్ గ్రిల్స్ ఇటీవలే",1,0.5078529962974814
"బేర్ గ్రిల్స్ ఇటీవలే రజనీతో",1,0.44189621859572836
"గ్రిల్స్ ఇటీవలే రజనీతో కలిసి",1,0.5784084740823696
"ఇటీవలే రజనీతో కలిసి వైల్డ్",1,0.4382587701989172
"రజనీతో కలిసి వైల్డ్ జర్నీకి",1,0.47265817839511814
"కలిసి వైల్డ్ జర్నీకి సంబంధించి",1,0.5782657728436258
"వైల్డ్ జర్నీకి సంబంధించి కొన్ని",1,0.44446508421655895
"జర్నీకి సంబంధించి కొన్ని ఫొటోలను",1,0.34422384812411133
"సంబంధించి కొన్ని ఫొటోలను సోషల్",1,0.564193630868035
"కొన్ని ఫొటోలను సోషల్ మీడియాలో",1,0.923651590815593
"ఫొటోలను సోషల్ మీడియాలో షేర్",2,0.49479022542554774
"సోషల్ మీడియాలో షేర్ చేశాడు",2,0.1895626423765931
"మీడియాలో షేర్ చేశాడు .",2,0.9912613474319083
"షేర్ చేశాడు . ఇప్పుడా",1,0.08518721155651421
"చేశాడు . ఇప్పుడా ఆ",1,0.39156220002742603
". ఇప్పుడా ఆ ఫొటోలు",1,0.4376307052835577
"ఇప్పుడా ఆ ఫొటోలు వైరల్",1,0.4503361575772813
"ఆ ఫొటోలు వైరల్ అవుతున్నాయి",1,0.4601082977515525
"ఫొటోలు వైరల్ అవుతున్నాయి .",1,0.9886967273196247
"వైరల్ అవుతున్నాయి . మార్చి",1,0.09033080371448124
"అవుతున్నాయి . మార్చి న",1,0.34412842736753124
". మార్చి న డిస్కవరీ",1,0.28153496055360655
"మార్చి న డిస్కవరీ ఛానల్లో",1,0.5781269283951181
"న డిస్కవరీ ఛానల్లో రాత్రి",1,0.5782040641998446
"డిస్కవరీ ఛానల్లో రాత్రి 8",1,0.46639137055145663
"ఛానల్లో రాత్రి 8 గంటలకు",1,0.4506780211263801
"రాత్రి 8 గంటలకు వైల్డ్",1,0.19085500958279733
"8 గంటలకు వైల్డ్ ప్రిమియర్స్",1,0.47265817839511814
"గంటలకు వైల్డ్ ప్రిమియర్స్ ఎపిసోడ్",1,0.5781654962974814
"వైల్డ్ ప్రిమియర్స్ ఎపిసోడ్ ప్రసారం",1,0.4439158874305518
"ప్రిమియర్స్ ఎపిసోడ్ ప్రసారం కానుంది",1,0.4458047281055312
"ఎపిసోడ్ ప్రసారం కానుంది .",1,0.986054311980146
"ప్రసారం కానుంది . </s>",1,0.5105566936692976
"కానుంది . </s> </s>",8,0.9999878885247173
"<s> <s> "" వీడికీ",1,0.005056513979773945
"<s> "" వీడికీ పాపం",1,0.43752314074141796
"వీడికీ పాపం పండే రోజూ",1,0.4844039259267724
"పాపం పండే రోజూ తప్పక",1,0.44362519774589554
"పండే రోజూ తప్పక వస్తుంది",1,0.4576799202848393
"రోజూ తప్పక వస్తుంది .",1,0.8916352137600481
"తప్పక వస్తుంది . .",1,0.3308825354144381
"వస్తుంది . . .",1,0.2895504800431268
". . . దేముడు",1,0.00038861915952069314
". . దేముడు అన్నీ",1,0.5781944222242538
". దేముడు అన్నీ చూస్తున్నాడు",1,0.44056033510476555
"దేముడు అన్నీ చూస్తున్నాడు .",1,0.7977875237121177
"అన్నీ చూస్తున్నాడు . .",1,0.41555629426804763
"చూస్తున్నాడు . . .",1,0.4145504800431268
". . . </s>",178,0.3154848997063873
"<s> <s> <s> టీడీపీ",11,0.0019457975499099507
"<s> <s> టీడీపీ నేతల",1,0.046883647281643404
"<s> టీడీపీ నేతల ఆరోపణలపై",1,0.29291666410279854
"టీడీపీ నేతల ఆరోపణలపై బీజేపీ",1,0.4578361202894103
"నేతల ఆరోపణలపై బీజేపీ నేత",1,0.45264591042055163
"ఆరోపణలపై బీజేపీ నేత ఆకుల",1,0.28876074570120935
"బీజేపీ నేత ఆకుల సత్యనారాయణ",1,0.4656442839511816
"నేత ఆకుల సత్యనారాయణ స్పందించారు",1,0.4961387458860904
"ఆకుల సత్యనారాయణ స్పందించారు .",1,0.9934770168939393
"సత్యనారాయణ స్పందించారు . టీడీపీ",1,0.13147149799367958
"స్పందించారు . టీడీపీ నేతలు",1,0.36264375506493235
". టీడీపీ నేతలు గాలి",1,0.09802701148567486
"టీడీపీ నేతలు గాలి పోగేసి",1,0.4411089337766042
"నేతలు గాలి పోగేసి ఆరోపణలు",1,0.5079108481510262
"గాలి పోగేసి ఆరోపణలు చేస్తున్నారని",1,0.459350645083878
"పోగేసి ఆరోపణలు చేస్తున్నారని ధ్వజమెత్తారు",1,0.3172044698770398
"ఆరోపణలు చేస్తున్నారని ధ్వజమెత్తారు .",1,0.9632340952203851
"చేస్తున్నారని ధ్వజమెత్తారు . కానీ",1,0.2704059646206978
"ధ్వజమెత్తారు . కానీ టీడీపీ",1,0.25485400000890013
". కానీ టీడీపీ నేతలు",2,0.8712606100854401
"కానీ టీడీపీ నేతలు మాత్రం",1,0.1449394944532185
"టీడీపీ నేతలు మాత్రం అసలు",1,0.3463132422560803
"నేతలు మాత్రం అసలు అమిత్",1,0.3451513634719784
"మాత్రం అసలు అమిత్ షాను",1,0.4594732588734744
"అసలు అమిత్ షాను బుగ్గన",1,0.4140663567902363
"అమిత్ షాను బుగ్గన రాజేంద్రనాథ్",1,0.5078144283951181
"షాను బుగ్గన రాజేంద్రనాథ్ రెడ్డి",1,0.578364120994652
"బుగ్గన రాజేంద్రనాథ్ రెడ్డి ఎందుకు",1,0.4381980261275583
"రాజేంద్రనాథ్ రెడ్డి ఎందుకు కలవాల్సి",1,0.4388539064340491
"రెడ్డి ఎందుకు కలవాల్సి వచ్చిందో",1,0.578136570370709
"ఎందుకు కలవాల్సి వచ్చిందో చెప్పాలని",1,0.4609722111121269
"కలవాల్సి వచ్చిందో చెప్పాలని అంటున్నారు",1,0.44433527301993614
"వచ్చిందో చెప్పాలని అంటున్నారు .",1,0.9233926083317865
"చెప్పాలని అంటున్నారు . </s>",1,0.563873262448881
"అంటున్నారు . </s> </s>",30,0.999996770273258
"<s> <s> <s> వ్యంగ్య",1,4.710720789678515e-05
"<s> <s> వ్యంగ్య రచయిత",1,0.5781519975316542
"<s> వ్యంగ్య రచయిత మంచిని",1,0.4502860193042091
"వ్యంగ్య రచయిత మంచిని వర్ణించి",1,0.5781269283951181
"రచయిత మంచిని వర్ణించి ప్రజల",1,0.5782407037070896
"మంచిని వర్ణించి ప్రజల మనస్సులను",1,0.4391558410457934
"వర్ణించి ప్రజల మనస్సులను మార్చాలని",1,0.5781327135804726
"ప్రజల మనస్సులను మార్చాలని చూడడం",1,0.4726697487658271
"మనస్సులను మార్చాలని చూడడం కంటే",1,0.4611380530922887
"మార్చాలని చూడడం కంటే చెడును",1,0.43836893642739966
"చూడడం కంటే చెడును మన",1,0.5782696296338621
"కంటే చెడును మన కళ్ల",1,0.4386370273796165
"చెడును మన కళ్ల ఎదుట",1,0.5078317839511817
"మన కళ్ల ఎదుట నిలిపి",1,0.4502911032549751
"కళ్ల ఎదుట నిలిపి దాన్ని",1,0.47271988703889933
"ఎదుట నిలిపి దాన్ని అపహాస్యం",1,0.44043691898169307
"నిలిపి దాన్ని అపహాస్యం చేయడమే",1,0.4656384987658271
"దాన్ని అపహాస్యం చేయడమే లక్ష్యంగా",1,0.5254181046304338
"అపహాస్యం చేయడమే లక్ష్యంగా సాగుతాడు",1,0.35078308197536223
"చేయడమే లక్ష్యంగా సాగుతాడు .",1,0.5955750474242355
"లక్ష్యంగా సాగుతాడు . ఆ",1,0.44470117075630256
"సాగుతాడు . ఆ క్రమంలో",1,0.25293068383520334
". ఆ క్రమంలో దానికి",1,0.18954347439254532
"ఆ క్రమంలో దానికి ఆలంబనమైన",1,0.4398851414940852
"క్రమంలో దానికి ఆలంబనమైన వ్యక్తులను",1,0.5781384987658271
"దానికి ఆలంబనమైన వ్యక్తులను గానీ",1,0.4551436904340175
"అభిప్రాయాలను గానీ మూలచ్ఛేదం చేస్తాడు",1,0.5781462123462997
"గానీ మూలచ్ఛేదం చేస్తాడు .",1,0.8641341038429733
"మూలచ్ఛేదం చేస్తాడు . అయితే",1,0.28000447746674173
"చేస్తాడు . అయితే దానిలో",1,0.25058710835366454
". అయితే దానిలో హాస్యం",1,0.4502860193042091
"అయితే దానిలో హాస్యం లేకపోతే",1,0.5781674246925995
"దానిలో హాస్యం లేకపోతే కేవలం",1,0.46190368506209484
"హాస్యం లేకపోతే కేవలం తిట్టులా",1,0.3449333755991769
"లేకపోతే కేవలం తిట్టులా వినిపిస్తుంది",1,0.5781404271609453
"కేవలం తిట్టులా వినిపిస్తుంది .",1,0.9550638941582483
"తిట్టులా వినిపిస్తుంది . కావ్యశిల్పం",1,0.2708354543708015
"వినిపిస్తుంది . కావ్యశిల్పం లేకపోతే",1,0.5781674246925995
". కావ్యశిల్పం లేకపోతే కేవలం",1,0.46190368506209484
"కావ్యశిల్పం లేకపోతే కేవలం వెక్కిరింతలా",1,0.3449333755991769
"లేకపోతే కేవలం వెక్కిరింతలా అనిపిస్తుంది",1,0.5781693530877177
"కేవలం వెక్కిరింతలా అనిపిస్తుంది .",1,0.9113228343346498
"వెక్కిరింతలా అనిపిస్తుంది . అధర్మాన్ని",1,0.2593785792507275
"అనిపిస్తుంది . అధర్మాన్ని అపహాస్యం",1,0.5781327135804726
". అధర్మాన్ని అపహాస్యం చేసి",1,0.46593161482378753
"అధర్మం ధరించిన గంభీర వస్త్రాలను",1,0.5781307851853545
"ధరించిన గంభీర వస్త్రాలను విప్పి",1,0.5078144283951181
"గంభీర వస్త్రాలను విప్పి పారేసి",1,0.5781288567902363
"వస్త్రాలను విప్పి పారేసి దాని",1,0.5079397740777987
"విప్పి పారేసి దాని పేలవత్వాన్ని",1,0.4387244023403575
"దాని నిజ స్వరూపాన్ని ప్రదర్శించి",1,0.5078202135804726
"నిజ స్వరూపాన్ని ప్రదర్శించి నవ్వించడం",1,0.47265817839511814
"స్వరూపాన్ని ప్రదర్శించి నవ్వించడం ఆయా",1,0.507872280248663
"ప్రదర్శించి నవ్వించడం ఆయా రచయితల",1,0.44070141346817127
"నవ్వించడం ఆయా రచయితల ప్రతిభా",1,0.48437692839511814
"ఆయా రచయితల ప్రతిభా సామర్థ్యాలపై",1,0.5781269283951181
"రచయితల ప్రతిభా సామర్థ్యాలపై ఆధారపడి",1,0.5781674246925995
"ప్రతిభా సామర్థ్యాలపై ఆధారపడి ఉంటుంది",1,0.7243601711360016
"సామర్థ్యాలపై ఆధారపడి ఉంటుంది .",1,0.9957916742854376
"ఆధారపడి ఉంటుంది . ఇలాంటి",1,0.020025961735645796
"ఉంటుంది . ఇలాంటి రచనలు",1,0.2557964219385822
". ఇలాంటి రచనలు మేథాశక్తికి",1,0.5078144283951181
"ఇలాంటి రచనలు మేథాశక్తికి సంబంధించినవి",1,0.5781269283951181
"రచనలు మేథాశక్తికి సంబంధించినవి .",1,0.5955750474242355
"మేథాశక్తికి సంబంధించినవి . ఇవి",1,0.43779106710709936
"సంబంధించినవి . ఇవి హృదయ",1,0.2637978813365635
". ఇవి హృదయ సంబంధి",1,0.45759121410940384
"ఇవి హృదయ సంబంధి కావు",1,0.578136570370709
"హృదయ సంబంధి కావు .",1,0.9422250067748907
"సంబంధి కావు . సంఘ",1,0.2767909118338535
"కావు . సంఘ చైతన్యంగల",1,0.5078144283951181
". సంఘ చైతన్యంగల మేధావిగా",1,0.5781269283951181
"సంఘ చైతన్యంగల మేధావిగా గోరాశాస్ర్తీ",1,0.5781269283951181
"చైతన్యంగల మేధావిగా గోరాశాస్ర్తీ సమకాలీనులను",1,0.5781269283951181
"మేధావిగా గోరాశాస్ర్తీ సమకాలీనులను చైతన్యవంతం",1,0.5781269283951181
"గోరాశాస్ర్తీ సమకాలీనులను చైతన్యవంతం చెయ్యగలిగినంత",1,0.5781269283951181
"సమకాలీనులను చైతన్యవంతం చెయ్యగలిగినంత మేరకు",1,0.5781886370388993
"చైతన్యవంతం చెయ్యగలిగినంత మేరకు ఇట్లా",1,0.4387834053873516
"చెయ్యగలిగినంత మేరకు ఇట్లా తన",1,0.485167570393564
"మేరకు ఇట్లా తన రచనా",1,0.43772074325157373
"ఇట్లా తన రచనా వ్యాసంగంతో",1,0.47265817839511814
"తన రచనా వ్యాసంగంతో చేశాడు",1,0.5782754148192165
"రచనా వ్యాసంగంతో చేశాడు .",1,0.9475680845914496
"వ్యాసంగంతో చేశాడు . అందుకే",1,0.25274062375233686
"చేశాడు . అందుకే పాఠకలోకం",1,0.2538698402697266
". అందుకే పాఠకలోకం ఆయనకు",1,0.5078915641998446
"అందుకే పాఠకలోకం ఆయనకు బ్రహ్మరథం",1,0.43992815977022004
"పాఠకలోకం ఆయనకు బ్రహ్మరథం పట్టింది",1,0.5078317839511817
"ఆయనకు బ్రహ్మరథం పట్టింది .",1,0.9632340952203851
"బ్రహ్మరథం పట్టింది . </s>",1,0.5449638655033638
"పట్టింది . </s> </s>",4,0.9999757770494347
"<s> <s> <s> ఎన్టీఆర్",6,0.000998017816527472
"<s> <s> ఎన్టీఆర్ …",1,0.07508223870635194
"<s> ఎన్టీఆర్ … ఆ",1,0.44175399478426425
"ఎన్టీఆర్ … ఆ టాపిక్",1,0.3126252666455632
"… ఆ టాపిక్ స్పందిస్తారని",1,0.44577353347861975
"ఆ టాపిక్ స్పందిస్తారని కలలో",1,0.5781442839511817
"టాపిక్ స్పందిస్తారని కలలో కూడా",1,0.6562199183347392
"స్పందిస్తారని కలలో కూడా ఊహించం",1,0.2875919499686402
"కలలో కూడా ఊహించం </s>",1,0.5806280568633725
"కూడా ఊహించం </s> </s>",1,0.4408374091511633
"ఊహించం </s> </s> </s>",1,0.25444987886821774
"<s> <s> <s> ఈ",264,0.04960785569062917
"<s> <s> ఈ జీపు",1,0.0014039780257409486
"<s> ఈ జీపు గంటకి",1,0.5781269283951181
"ఈ జీపు గంటకి 60",1,0.578173209877954
"జీపు గంటకి 60 నుంచి",1,0.44178785420821676
"గంటకి 60 నుంచి 70",1,0.437692820541603
"60 నుంచి 70 కిలోమీటర్ల",1,0.4427608999558136
"నుంచి 70 కిలోమీటర్ల వరకు",1,0.44136812378657714
"70 కిలోమీటర్ల వరకు ప్రయాణించగల",1,0.4380039194885855
"కిలోమీటర్ల వరకు ప్రయాణించగల ని",1,0.5788346494034831
"వరకు ప్రయాణించగల ని ఈ",1,0.44061254030967856
"ప్రయాణించగల ని ఈ జీప్",1,0.34379333757277925
"ని ఈ జీప్ తయారు",1,0.472752669755908
"ఈ జీప్ తయారు చేయడానికి",1,0.4708412269839225
"జీప్ తయారు చేయడానికి తనకి",1,0.29840136275098167
"తయారు చేయడానికి తనకి ఒకటిన్నర",1,0.45312671412899397
"చేయడానికి తనకి ఒకటిన్నర లక్ష",1,0.5781597111121268
"తనకి ఒకటిన్నర లక్ష రూపాయలు",1,0.5414540515301954
"ఒకటిన్నర లక్ష రూపాయలు ఖర్చయిందని",1,0.29389388619534007
"లక్ష రూపాయలు ఖర్చయిందని తెలియజేశాడు",1,0.5781269283951181
"రూపాయలు ఖర్చయిందని తెలియజేశాడు .",1,0.5955750474242355
"ఖర్చయిందని తెలియజేశాడు . ఇంకెందుకు",1,0.4375047723343033
"తెలియజేశాడు . ఇంకెందుకు ఆలస్యం",1,0.5781519975316542
". ఇంకెందుకు ఆలస్యం మీరు",1,0.447810761383449
"ఇంకెందుకు ఆలస్యం మీరు కూడా",1,0.4574178263273484
"ఆలస్యం మీరు కూడా ఈ",1,0.2784439980628687
"మీరు కూడా ఈ వీడియోని",1,0.2560547022170257
"కూడా ఈ వీడియోని చూడండి",1,0.41410106790236323
"ఈ వీడియోని చూడండి .",1,0.6791287760833296
"వీడియోని చూడండి . </s>",1,0.5047585433780835
"చూడండి . </s> </s>",3,0.9999677027325796
"<s> <s> <s> ‘",101,0.0188707876650885
"<s> <s> ‘ సైరా",1,0.004848800420362575
"<s> ‘ సైరా ’",1,0.918144555354939
"‘ సైరా ’ నిర్మాణానికి",1,0.14604419958526868
"సైరా ’ నిర్మాణానికి భాగస్వాములు",1,0.4502918044895635
"’ నిర్మాణానికి భాగస్వాములు కావలెను",1,0.47265817839511814
"నిర్మాణానికి భాగస్వాములు కావలెను !",1,0.5786784493989121
"భాగస్వాములు కావలెను ! </s>",1,0.7249583387095748
"కావలెను ! </s> </s>",1,0.9972318683621345
"! </s> </s> </s>",202,0.9963091578161793
"<s> <s> <s> '",59,0.01099643449157257
"<s> <s> ' '",12,0.33610516565635096
"<s> ' ' ప్రభుత్వం",1,0.024217292892264243
"' ' ప్రభుత్వం ప్రకటిస్తున్న",1,0.4378501076726953
"' ప్రభుత్వం ప్రకటిస్తున్న మరణాలన్నీ",1,0.5078144283951181
"ప్రభుత్వం ప్రకటిస్తున్న మరణాలన్నీ అవాస్తవం",1,0.5781269283951181
"ప్రకటిస్తున్న మరణాలన్నీ అవాస్తవం .",1,0.5955750474242355
"మరణాలన్నీ అవాస్తవం . ఇప్పటికే",1,0.4389574616046763
"అవాస్తవం . ఇప్పటికే 50",1,0.2528822595446872
". ఇప్పటికే 50 మంది",1,0.466714981977158
"ఇప్పటికే 50 మంది మరణించారు",1,0.30242614722844385
"50 మంది మరణించారు .",1,0.9894502788316497
"మంది మరణించారు . ఈ",1,0.10922189783498226
"మరణించారు . ఈ ఏడాది",1,0.14059042924796578
". ఈ ఏడాది ఏప్రిల్",1,0.024308728512523577
"ఈ ఏడాది ఏప్రిల్ రెండో",1,0.2992745448987521
"ఏడాది ఏప్రిల్ రెండో వారం",1,0.44562689243781456
"ఏప్రిల్ రెండో వారం నుంచి",1,0.3552900407752193
"రెండో వారం నుంచి ఏజెన్సీలో",1,0.31266515321550364
"వారం నుంచి ఏజెన్సీలో ప్రతి",1,0.472908869760479
"నుంచి ఏజెన్సీలో ప్రతి మండలంలోనూ",1,0.43821506587708065
"ఏజెన్సీలో ప్రతి మండలంలోనూ కోవిడ్",1,0.5781924938291356
"ప్రతి మండలంలోనూ కోవిడ్ కేసులు",1,0.4513661692107478
"మండలంలోనూ కోవిడ్ కేసులు నమోదవుతూనే",1,0.3448412374390222
"కోవిడ్ కేసులు నమోదవుతూనే ఉన్నాయి",1,0.5786475950770216
"కేసులు నమోదవుతూనే ఉన్నాయి .",1,0.9792463699518115
"నమోదవుతూనే ఉన్నాయి . '",1,0.25061101407121233
"ఉన్నాయి . ' '",1,0.4470472118142257
". ' ' అరుకు",1,0.024035754792760385
"' ' అరుకు లోయ",1,0.5781288567902363
"' అరుకు లోయ పెదలబుడు",1,0.5078144283951181
"అరుకు లోయ పెదలబుడు గ్రామ",1,0.5781770666681904
"లోయ పెదలబుడు గ్రామ సర్పంచ్",1,0.44094511707361667
"పెదలబుడు గ్రామ సర్పంచ్ దాసు",1,0.4453139998628697
"గ్రామ సర్పంచ్ దాసు బాబు",1,0.5782522740777987
"సర్పంచ్ దాసు బాబు అన్నారు",1,0.4430288458710666
"దాసు బాబు అన్నారు .",1,0.9932317832767302
"బాబు అన్నారు . </s>",1,0.3873829538459951
"అన్నారు . </s> </s>",95,0.999998980086292
"<s> <s> <s> జ",3,0.00043523602196461706
"<s> <s> జ :",1,0.14790370304859912
"<s> జ : 50",1,0.43771055593714137
"జ : 50 శాతం",1,0.5023885571278381
": 50 శాతం మంది",1,0.3184862531055984
"50 శాతం మంది మాత్రం",1,0.26161622926127986
"శాతం మంది మాత్రం హిందువులు",1,0.4380050584509939
"మంది మాత్రం హిందువులు .",1,0.4830750474242355
"మాత్రం హిందువులు . మిగిలిన",1,0.43771007769145404
"హిందువులు . మిగిలిన శాతంలో",1,0.26823077366259845
". మిగిలిన శాతంలో క్రిస్టియన్లుగా",1,0.5781269283951181
"మిగిలిన శాతంలో క్రిస్టియన్లుగా మారిన",1,0.5781577827170088
"శాతంలో క్రిస్టియన్లుగా మారిన వాళ్లు",1,0.44460645740960825
"క్రిస్టియన్లుగా మారిన వాళ్లు ఎక్కువగా",1,0.44037877251222746
"మారిన వాళ్లు ఎక్కువగా ఉన్నారు",1,0.4432566675536604
"వాళ్లు ఎక్కువగా ఉన్నారు .",1,0.9741239426874677
"ఎక్కువగా ఉన్నారు . ముస్లింలు",1,0.1262004375099626
"ఉన్నారు . ముస్లింలు కొద్ది",1,0.31099728024866297
". ముస్లింలు కొద్ది సంఖ్యలో",1,0.4410306664819217
"ముస్లింలు కొద్ది సంఖ్యలో ఉంటారు",1,0.4436934461644252
"కొద్ది సంఖ్యలో ఉంటారు .",1,0.9080331803729593
"సంఖ్యలో ఉంటారు . </s>",1,0.5275939648184945
"ఉంటారు . </s> </s>",13,0.9999925467844415
"<s> <s> <s> ఆర్టీసీ",3,0.00042605212123653877
"<s> <s> ఆర్టీసీ సమ్మె",2,0.6450981012348259
"<s> ఆర్టీసీ సమ్మె నేపథ్యంలో",1,0.19504381403925775
"ఆర్టీసీ సమ్మె నేపథ్యంలో ఈ",1,0.46933873003225235
"సమ్మె నేపథ్యంలో ఈ ఎన్నిక",1,0.27132073660198064
"నేపథ్యంలో ఈ ఎన్నిక ఫలితంపై",1,0.2995803282051575
"ఈ ఎన్నిక ఫలితంపై సర్వత్ర",1,0.5781288567902363
"ఎన్నిక ఫలితంపై సర్వత్ర ఆసక్తి",1,0.5078915641998446
"ఫలితంపై సర్వత్ర ఆసక్తి నెలకొంది",1,0.44078909463161375
"సర్వత్ర ఆసక్తి నెలకొంది .",1,0.9816170476101925
"ఆసక్తి నెలకొంది . </s>",1,0.44792584028524457
"నెలకొంది . </s> </s>",4,0.9999757770494347
"<s> <s> <s> -",52,0.009774072353123955
"<s> <s> - ఇసుక",1,0.008558696756869115
"<s> - ఇసుక రవాణా",1,0.4515954755565205
"- ఇసుక రవాణా సమయంలో",1,0.43966018064902973
"ఇసుక రవాణా సమయంలో సచివాలయం",1,0.4380280444721813
"రవాణా సమయంలో సచివాలయం ఇచ్చిన",1,0.5079725567948074
"సమయంలో సచివాలయం ఇచ్చిన పర్మిట్",1,0.43890788913585044
"సచివాలయం ఇచ్చిన పర్మిట్ కచ్చితంగా",1,0.578173209877954
"ఇచ్చిన పర్మిట్ కచ్చితంగా ఉండాలి",1,0.44232544453078576
"పర్మిట్ కచ్చితంగా ఉండాలి .",1,0.88058409891578
"కచ్చితంగా ఉండాలి . నోటిఫై",1,0.2530765869513921
"ఉండాలి . నోటిఫై చేసిన",1,0.5786437382867853
". నోటిఫై చేసిన రీచ్ల",1,0.43778215127773434
"నోటిఫై చేసిన రీచ్ల నుంచి",1,0.5791875457101066
"చేసిన రీచ్ల నుంచి ఇసుక",1,0.4376748367796384
"రీచ్ల నుంచి ఇసుక తరలించాలి",1,0.4515659711112127
"నుంచి ఇసుక తరలించాలి .",1,0.5955750474242355
"ఇసుక తరలించాలి . </s>",1,0.5383878150671253
"తరలించాలి . </s> </s>",1,0.999903108197739
"<s> <s> <s> 45",1,5.1907883277371555e-05
"<s> <s> 45 రోజుల్లో",1,0.4423975472981386
"<s> 45 రోజుల్లో కేబినెట్",1,0.44833599829114523
"45 రోజుల్లో కేబినెట్ సబ్",1,0.353821915873814
"రోజుల్లో కేబినెట్ సబ్ కమిటీ",1,0.44143646152351784
"కేబినెట్ సబ్ కమిటీ ప్రాథమిక",1,0.43978007725008
"సబ్ కమిటీ ప్రాథమిక నివేదిక",1,0.4444083557738586
"కమిటీ ప్రాథమిక నివేదిక </s>",1,0.3492811975872096
"ప్రాథమిక నివేదిక </s> </s>",1,0.4408374091511633
"నివేదిక </s> </s> </s>",1,0.25444987886821774
"<s> <s> <s> రాజమౌళి",3,0.00042542594618689706
"<s> <s> రాజమౌళి దర్శకత్వంలో",1,0.15292532777955536
"<s> రాజమౌళి దర్శకత్వంలో తారక్",1,0.4406425698221877
"చరణ్ కలిసి ఆర్ఆర్ఆర్ చిత్రంలో",1,0.4516058888901586
"కలిసి ఆర్ఆర్ఆర్ చిత్రంలో కలిసి",1,0.4510339378135562
"ఆర్ఆర్ఆర్ చిత్రంలో కలిసి నటిస్తోన్న",1,0.3445070789860863
"చిత్రంలో కలిసి నటిస్తోన్న సంగతి",1,0.48454469877039813
"కలిసి నటిస్తోన్న సంగతి తెలిసిందే",1,0.8778837701755989
"నటిస్తోన్న సంగతి తెలిసిందే .",1,0.9977881524431116
"సంగతి తెలిసిందే . ఈ",13,0.21350731344919566
"తెలిసిందే . ఈ చారిత్రక",1,0.008564910065019957
". ఈ చారిత్రక చిత్రంలో",1,0.3219167818942268
"ఈ చారిత్రక చిత్రంలో రామ్",1,0.4402406254393129
"చారిత్రక చిత్రంలో రామ్ చరణ్",1,0.5841890630828961
"చిత్రంలో రామ్ చరణ్ అల్లూరి",1,0.2637104707820197
"రామ్ చరణ్ అల్లూరి సీతారామ",1,0.4726591425926773
"చరణ్ అల్లూరి సీతారామ రాజుగా",1,0.4843788567902363
"ఎన్టీఆర్ కొమురం భీమ్ గా",1,0.47336204261324677
"కొమురం భీమ్ గా నటిస్తున్నారు",1,0.439474003146086
"భీమ్ గా నటిస్తున్నారు .",1,0.9950070993509166
"గా నటిస్తున్నారు . </s>",2,0.6303109347195341
"నటిస్తున్నారు . </s> </s>",10,0.999990310819774
"<s> <s> <s> తాగు",20,0.0036116006318114144
"<s> <s> తాగు నీరు",20,0.9997328418116058
"<s> తాగు నీరు .",20,0.9975123519101962
"తాగు నీరు . </s>",20,0.9960003714663668
"నీరు . </s> </s>",20,0.9999951554098869
"<s> <s> <s> అరచెంచా",1,4.710720789678515e-05
"<s> <s> అరచెంచా నిమ్మతొక్క",1,0.5781269283951181
"<s> అరచెంచా నిమ్మతొక్క పొడిని",1,0.5781327135804726
"అరచెంచా నిమ్మతొక్క పొడిని నీటికి",1,0.47266589197559084
"నిమ్మతొక్క పొడిని నీటికి కలపండి",1,0.4726601067902363
"పొడిని నీటికి కలపండి .",1,0.7977875237121177
"నీటికి కలపండి . ఆవిరిలో",1,0.3437547723343033
"కలపండి . ఆవిరిలో నిమ్మ",1,0.5781384987658271
". ఆవిరిలో నిమ్మ చర్మంపై",1,0.45312885679023635
"ఆవిరిలో నిమ్మ చర్మంపై మురికిని",1,0.5078144283951181
"నిమ్మ చర్మంపై మురికిని తొలగించి",1,0.5781346419755908
"చర్మాన్ని మెత్తగా మారుస్తుంది ఏమైనా",1,0.48440778271700874
"మెత్తగా మారుస్తుంది ఏమైనా నల్లని",1,0.44419835696654675
"మారుస్తుంది ఏమైనా నల్లని మచ్చలుంటే",1,0.5781269283951181
"ఏమైనా నల్లని మచ్చలుంటే తెల్లబరుస్తుంది",1,0.5781269283951181
"నల్లని మచ్చలుంటే తెల్లబరుస్తుంది .",1,0.5955750474242355
"మచ్చలుంటే తెల్లబరుస్తుంది . </s>",1,0.5383878150671253
"తెల్లబరుస్తుంది . </s> </s>",1,0.999903108197739
"<s> <s> <s> Gerbera",1,4.710720789678515e-05
"<s> <s> Gerbera పూలు",1,0.5781269283951181
"<s> Gerbera పూలు బాల్కనీలు",1,0.5781269283951181
"Gerbera పూలు బాల్కనీలు న",1,0.5784682543310327
"పూలు బాల్కనీలు న లేదా",1,0.4380950783693325
"బాల్కనీలు న లేదా అపార్ట్",1,0.4380472518523374
"న లేదా అపార్ట్ పెరుగుతాయి",1,0.4502884736252685
"లేదా అపార్ట్ పెరుగుతాయి .",1,0.919115009484847
"అపార్ట్ పెరుగుతాయి . మొక్క",1,0.2875077488311547
"పెరుగుతాయి . మొక్క పువ్వులు",1,0.45156828518535447
". మొక్క పువ్వులు 3",1,0.48458905185811585
"మొక్క పువ్వులు 3 వారాల",1,0.43851450571457956
"పువ్వులు 3 వారాల వరకు",1,0.4845659111166979
"3 వారాల వరకు ఉంచి",1,0.34427248029159785
"వారాల వరకు ఉంచి వర్ధిల్లు",1,0.44831923608742585
"వరకు ఉంచి వర్ధిల్లు తరువాత",1,0.5783139827215797
"అదే సమయంలో నిలవదు .",1,0.5955750474242355
"సమయంలో నిలవదు . మీరు",1,0.43867588946947794
"నిలవదు . మీరు ఇంటి",1,0.2532779711108175
". మీరు ఇంటి వద్ద",1,0.44802588007079686
"మీరు ఇంటి వద్ద మొక్క",1,0.34463091152300995
"ఇంటి వద్ద మొక్క దాటి",1,0.45157021358047267
"వద్ద మొక్క దాటి పెరిగే",1,0.47267939074141796
"మొక్క దాటి పెరిగే నిర్ణయించుకుంటే",1,0.4468767998354436
"మీరు మంచి లైటింగ్ కోసం",1,0.5086166407642729
"మంచి లైటింగ్ కోసం సృష్టి",1,0.43775014007255614
"లైటింగ్ కోసం సృష్టి యొక్క",1,0.5082598876674133
"కోసం సృష్టి యొక్క శ్రద్ధ",1,0.4379649917174163
"సృష్టి యొక్క శ్రద్ధ వహించడానికి",1,0.4468767998354436
"యొక్క శ్రద్ధ వహించడానికి .",1,0.5955750474242355
"శ్రద్ధ వహించడానికి . మట్టి",1,0.43754380143640165
"వహించడానికి . మట్టి నిరంతరం",1,0.3233440085477899
". మట్టి నిరంతరం తడిగా",1,0.4468788567902363
"మట్టి నిరంతరం తడిగా ఉండాలి",1,0.5079552012387438
"కానీ నీటితో నిండిన ఉంచవద్దు",1,0.47265817839511814
"నీటితో నిండిన ఉంచవద్దు .",1,0.5955750474242355
"నిండిన ఉంచవద్దు . ఖర్చు",1,0.43753874415577343
"ఉంచవద్దు . ఖర్చు నీటి",1,0.34686835464484245
". ఖర్చు నీటి తర్వాత",1,0.4401294266654942
"ఖర్చు నీటి తర్వాత 10",1,0.4379512834996332
"నీటి తర్వాత 10 -",1,0.4434240145708005
"తర్వాత 10 - 20",1,0.2899776500786766
"10 - 20 నిమిషాల",1,0.2778090217465832
"- 20 నిమిషాల సంప్",1,0.44270940466395453
"20 నిమిషాల సంప్ అదనపు",1,0.5781867086437811
"నిమిషాల సంప్ అదనపు నీటిని",1,0.44123085250250804
"సంప్ అదనపు నీటిని నుండి",1,0.44556082691988463
"అదనపు నీటిని నుండి తొలగిస్తారు",1,0.43766348998980265
"నీటిని నుండి తొలగిస్తారు .",1,0.7977875237121177
"నుండి తొలగిస్తారు . పారుదల",1,0.34375562276197513
"తొలగిస్తారు . పారుదల రంధ్రాలు",1,0.4575925915344883
". పారుదల రంధ్రాలు నిరంతరం",1,0.5078414259267724
"పారుదల రంధ్రాలు నిరంతరం మానిటర్",1,0.44688078518535446
"రంధ్రాలు నిరంతరం మానిటర్ వాటిని",1,0.484519629633862
"నిరంతరం మానిటర్ వాటిని అడ్డుకోకుండా",1,0.43876871604943607
"మానిటర్ వాటిని అడ్డుకోకుండా నిరోధించడానికి",1,0.578136570370709
"వాటిని అడ్డుకోకుండా నిరోధించడానికి ఉండాలి",1,0.4610802012387439
"అడ్డుకోకుండా నిరోధించడానికి ఉండాలి .",1,0.88058409891578
"నిరోధించడానికి ఉండాలి . </s>",1,0.5708108416789592
"ఉండాలి . </s> </s>",22,0.99999559582717
"<s> <s> <s> దక్షిణ",2,0.0002399192648314177
"<s> <s> దక్షిణ మధ్య",1,0.2541874742880651
"<s> దక్షిణ మధ్య రైల్వేకు",1,0.31285740730103373
"దక్షిణ మధ్య రైల్వేకు జీఎస్టీ",1,0.5781404271609453
"మధ్య రైల్వేకు జీఎస్టీ అవార్డు",1,0.45511090771700874
"రైల్వేకు జీఎస్టీ అవార్డు </s>",1,0.4483227962014902
"జీఎస్టీ అవార్డు </s> </s>",1,0.4408374091511633
"అవార్డు </s> </s> </s>",1,0.25444987886821774
"<s> <s> <s> కొంతమంది",2,0.0002386669147321343
"<s> <s> కొంతమంది భక్తులు",1,0.2234760679023632
"<s> కొంతమంది భక్తులు ఆయనను",1,0.4439323664433797
"కొంతమంది భక్తులు ఆయనను దక్షిణామూర్తి",1,0.44336291039104997
"భక్తులు ఆయనను దక్షిణామూర్తి అవతారంగా",1,0.5078182851853545
"ఆయనను దక్షిణామూర్తి అవతారంగా భావించేవారు",1,0.6718762855967454
"దక్షిణామూర్తి అవతారంగా భావించేవారు .",1,0.8988937618560588
"అవతారంగా భావించేవారు . మరికొంతమంది",1,0.21879082493955027
"భావించేవారు . మరికొంతమంది 63",1,0.33595292716094527
". మరికొంతమంది 63 నాయనార్లలో",1,0.45759121410940384
"మరికొంతమంది 63 నాయనార్లలో ఒకడైన",1,0.5781269283951181
"63 నాయనార్లలో ఒకడైన జ్ఞాన",1,0.5781307851853545
"నాయనార్లలో ఒకడైన జ్ఞాన సంబంధర్",1,0.48437692839511814
"ఒకడైన జ్ఞాన సంబంధర్ అవతారంగా",1,0.5781307851853545
"జ్ఞాన సంబంధర్ అవతారంగా భావించేవారు",1,0.6718762855967454
"సంబంధర్ అవతారంగా భావించేవారు .",1,0.8988937618560588
"అవతారంగా భావించేవారు . ఇంకొంతమంది",1,0.2187721608161729
"భావించేవారు . ఇంకొంతమంది ఆయనను",1,0.41410685308771766
". ఇంకొంతమంది ఆయనను వ",1,0.4437889250125703
"ఇంకొంతమంది ఆయనను వ శతాబ్దంలో",1,0.4378265886432456
"ఆయనను వ శతాబ్దంలో జీవించాడని",1,0.46562692839511816
"వ శతాబ్దంలో జీవించాడని భావిస్తున్న",1,0.578148140741418
"శతాబ్దంలో జీవించాడని భావిస్తున్న మీమాంస",1,0.44922228539104997
"జీవించాడని భావిస్తున్న మీమాంస పండితుడు",1,0.5078182851853545
"భావిస్తున్న మీమాంస పండితుడు కుమరిల",1,0.48437628559674545
"మీమాంస పండితుడు కుమరిల భట్టు",1,0.5781269283951181
"పండితుడు కుమరిల భట్టు అవతారంగా",1,0.5078182851853545
"కుమరిల భట్టు అవతారంగా అనుకునేవారు",1,0.4843775711934909
"భట్టు అవతారంగా అనుకునేవారు .",1,0.5252625474242355
"అవతారంగా అనుకునేవారు . </s>",1,0.5383878150671253
"అనుకునేవారు . </s> </s>",1,0.999903108197739
"<s> <s> <s> ప్రతిపక్ష",3,0.00042584339621999157
"<s> <s> ప్రతిపక్ష నేతగా",1,0.15105345130349984
"<s> ప్రతిపక్ష నేతగా ఉండగా",1,0.45034877979987287
"ప్రతిపక్ష నేతగా ఉండగా జగన్",1,0.44178610392596035
"నేతగా ఉండగా జగన్ కు",1,0.48449339947390857
"ఉండగా జగన్ కు విశాఖ",1,0.2587116356481288
"జగన్ కు విశాఖ విమానాశ్రయంలో",1,0.4401085948332343
"కు విశాఖ విమానాశ్రయంలో హత్యాయత్నం",1,0.46563271358047265
"విశాఖ విమానాశ్రయంలో హత్యాయత్నం జరిగినప్పుడు",1,0.472667820370709
"విమానాశ్రయంలో హత్యాయత్నం జరిగినప్పుడు భద్రత",1,0.46098378148283586
"హత్యాయత్నం జరిగినప్పుడు భద్రత ఎందుకు",1,0.4430457182376293
"జరిగినప్పుడు భద్రత ఎందుకు కల్పించలేదని",1,0.4388539064340491
"భద్రత ఎందుకు కల్పించలేదని అడగని",1,0.5781269283951181
"ఎందుకు కల్పించలేదని అడగని పచ్చ",1,0.5781288567902363
"కల్పించలేదని అడగని పచ్చ మీడియా",1,0.5079339888924441
"అడగని పచ్చ మీడియా చంద్రబాబుకు",1,0.4387368216482276
"పచ్చ మీడియా చంద్రబాబుకు ఏదో",1,0.443678689749608
"మీడియా చంద్రబాబుకు ఏదో జరిగినట్లు",1,0.44044029367314985
"చంద్రబాబుకు ఏదో జరిగినట్లు శోకాలు",1,0.46093942839511814
"ఏదో జరిగినట్లు శోకాలు పెడుతోందని",1,0.5781346419755908
"జరిగినట్లు శోకాలు పెడుతోందని విజయసాయి",1,0.4656500691365361
"శోకాలు పెడుతోందని విజయసాయి రెడ్డి",1,0.7513122866129163
"పెడుతోందని విజయసాయి రెడ్డి విమర్శించారు",1,0.2820451858006996
"విజయసాయి రెడ్డి విమర్శించారు .",1,0.9964524126967038
"రెడ్డి విమర్శించారు . ఆయన",1,0.08972718183260756
"విమర్శించారు . ఆయన కాన్వాయ్",1,0.2521714838561089
". ఆయన కాన్వాయ్ కి",1,0.47287174815445443
"ఆయన కాన్వాయ్ కి ట్రాఫిక్",1,0.43770781043368645
"కాన్వాయ్ కి ట్రాఫిక్ ను",1,0.4455048966951593
"కి ట్రాఫిక్ ను ఆపడం",1,0.4382353506250857
"ట్రాఫిక్ ను ఆపడం లేదనీ",1,0.3906288567902363
"ఎయర్ పోర్టులో తనిఖీలు చేసి",1,0.4485767510047433
"పోర్టులో తనిఖీలు చేసి అవమానిస్తున్నారంటూ",1,0.4380709715100195
"తనిఖీలు చేసి అవమానిస్తున్నారంటూ గగ్గోలు",1,0.5781307851853545
"చేసి అవమానిస్తున్నారంటూ గగ్గోలు పెడుతోందని",1,0.4843846419755908
"అవమానిస్తున్నారంటూ గగ్గోలు పెడుతోందని విజయసాయిరెడ్డి",1,0.4656423555560635
"గగ్గోలు పెడుతోందని విజయసాయిరెడ్డి ఎద్దేవా",1,0.4483440085477899
"పెడుతోందని విజయసాయిరెడ్డి ఎద్దేవా చేశారు",1,0.8969563782739864
"విజయసాయిరెడ్డి ఎద్దేవా చేశారు .",1,0.9978365165407023
"ఎద్దేవా చేశారు . </s>",4,0.42160866767093563
"<s> <s> <s> ఇవి",2,0.0002386669147321343
"<s> <s> ఇవి అనుసరించండి",1,0.22168812422864195
"<s> ఇవి అనుసరించండి </s>",1,0.46712683411802347
"ఇవి అనుసరించండి </s> </s>",1,0.4408374091511633
"అనుసరించండి </s> </s> </s>",1,0.25444987886821774
"<s> <s> <s> కానీ",25,0.004570025341037801
"<s> <s> కానీ అన్ని",1,0.020939849887733834
"<s> కానీ అన్ని వ్యవస్థలను",1,0.4379791436326589
"కానీ అన్ని వ్యవస్థలను ప్రైవేటీకరణ",1,0.4656346419755908
"అన్ని వ్యవస్థలను ప్రైవేటీకరణ వైపు",1,0.4657272049412625
"వ్యవస్థలను ప్రైవేటీకరణ వైపు తీసుకెళ్లాలి",1,0.43945489269552496
"అన్ని సంస్థలను అమ్మేయాలనేది కేంద్ర",1,0.5783506222288248
"సంస్థలను అమ్మేయాలనేది కేంద్ర ప్రభుత్వ",1,0.46490560274825293
"అమ్మేయాలనేది కేంద్ర ప్రభుత్వ ఉద్దేశ్యమన్నారు",1,0.27120076685294314
"కేంద్ర ప్రభుత్వ ఉద్దేశ్యమన్నారు .",1,0.5955750474242355
"ప్రభుత్వ ఉద్దేశ్యమన్నారు . మన",1,0.43793617324116163
"ఉద్దేశ్యమన్నారు . మన రైతులు",1,0.25875826138465036
". మన రైతులు లక్ష",1,0.4404003587310501
"మన రైతులు లక్ష కోట్ల",1,0.4681850982320126
"రైతులు లక్ష కోట్ల యాసంగి",1,0.3447453687534081
"లక్ష కోట్ల యాసంగి పంటను",1,0.47266396358047263
"కోట్ల యాసంగి పంటను పండించారంటే",1,0.47265817839511814
"యాసంగి పంటను పండించారంటే గర్వంగా",1,0.578136570370709
"పంటను పండించారంటే గర్వంగా ఉందన్నారు",1,0.46567706666819036
"పండించారంటే గర్వంగా ఉందన్నారు .",1,0.9362632871780294
"గర్వంగా ఉందన్నారు . కొంత",1,0.25660837688276233
"ఉందన్నారు . కొంత మంది",1,0.5918882403478954
". కొంత మంది మూర్ఖంగా",1,0.06204560106885466
"కొంత మంది మూర్ఖంగా మాట్లాడుతున్నారు",1,0.578136570370709
"మంది మూర్ఖంగా మాట్లాడుతున్నారు .",1,0.8417541824747452
"మూర్ఖంగా మాట్లాడుతున్నారు . తెలంగాణను",1,0.28752258603000885
"మాట్లాడుతున్నారు . తెలంగాణను అప్పుల",1,0.3906307851853545
". తెలంగాణను అప్పుల పాలు",1,0.48440199753165425
"తెలంగాణను అప్పుల పాలు చేశారంటున్నారు",1,0.44831923608742585
"అప్పుల పాలు చేశారంటున్నారు .",1,0.5955750474242355
"పాలు చేశారంటున్నారు . కాళేశ్వరం",1,0.43752343645768066
"చేశారంటున్నారు . కాళేశ్వరం లాంటి",1,0.36393846032036253
". కాళేశ్వరం లాంటి ప్రాజెక్టును",1,0.4393179162081005
"కాళేశ్వరం లాంటి ప్రాజెక్టును కట్టి",1,0.45158506222288247
"లాంటి ప్రాజెక్టును కట్టి లక్ష",1,0.4492534611121269
"ప్రాజెక్టును కట్టి లక్ష కోట్ల",1,0.4681850982320126
"కట్టి లక్ష కోట్ల పంటను",1,0.3447453687534081
"లక్ష కోట్ల పంటను అందించే",1,0.47270253148283586
"కోట్ల పంటను అందించే వాటిని",1,0.4428368930078774
"పంటను అందించే వాటిని నిర్మిస్తే",1,0.4387705402069803
"అందించే వాటిని నిర్మిస్తే అప్పు",1,0.5078433543218905
"వాటిని నిర్మిస్తే అప్పు అంటారు",1,0.44582140305155293
"నిర్మిస్తే అప్పు అంటారు .",1,0.9192304761600367
"అప్పు అంటారు . అప్పు",1,0.2567198713409059
"అంటారు . అప్పు చేసి",1,0.756109535951671
". అప్పు చేసి పప్పు",2,0.7821999796571519
"అప్పు చేసి పప్పు కూడు",1,0.26562692839511814
"చేసి పప్పు కూడు తినొద్దని",1,0.5781269283951181
"పప్పు కూడు తినొద్దని పెద్దలంటారు",1,0.5781269283951181
"కూడు తినొద్దని పెద్దలంటారు .",1,0.5955750474242355
"తినొద్దని పెద్దలంటారు . అప్పు",1,0.4375285390237116
"పెద్దలంటారు . అప్పు చేసి",1,0.756109535951671
"అప్పు చేసి పప్పు బెల్లాల్ల",1,0.26562692839511814
"చేసి పప్పు బెల్లాల్ల పంచిపెడితే",1,0.5781269283951181
"పప్పు బెల్లాల్ల పంచిపెడితే తప్పు",1,0.5781867086437811
"బెల్లాల్ల పంచిపెడితే తప్పు అప్పు",1,0.441041851173607
"పంచిపెడితే తప్పు అప్పు తెచ్చి",1,0.4457856710243635
"తప్పు అప్పు తెచ్చి మిషన్",1,0.455126334877954
"అప్పు తెచ్చి మిషన్ భగీరథ",1,0.5739901049383047
"తెచ్చి మిషన్ భగీరథ కట్టినా",1,0.2817732331139248
"ప్రాజెక్టులను కట్టినా అప్పు ఎలా",1,0.4460494074155237
"కట్టినా అప్పు ఎలా అవుతుంది",1,0.43831751426682747
"పెట్టుబడి అవుతుందని కెటిఆర్ స్పష్టం",1,0.4696232643145354
"అవుతుందని కెటిఆర్ స్పష్టం చేశారు",1,0.87282603804795
"కెటిఆర్ స్పష్టం చేశారు .",2,0.9997694648772879
"స్పష్టం చేశారు . పట్టభద్రుల",1,0.004314445202442557
"చేశారు . పట్టభద్రుల ఎమ్మెల్సీ",1,0.507860709877954
". పట్టభద్రుల ఎమ్మెల్సీ ఎన్నికల్లో",1,0.4727323680406363
"పట్టభద్రుల ఎమ్మెల్సీ ఎన్నికల్లో టిఆర్",1,0.31880159349716597
"ఎమ్మెల్సీ ఎన్నికల్లో టిఆర్ ఎస్",1,0.9174809545363306
"ఎన్నికల్లో టిఆర్ ఎస్ పార్టీ",1,0.14321151332779597
"టిఆర్ ఎస్ పార్టీ అభ్యర్థులు",1,0.29721431646712765
"ఎస్ పార్టీ అభ్యర్థులు పల్లా",1,0.44420221375678304
"పార్టీ అభ్యర్థులు పల్లా రాజేశ్వరరెడ్డి",1,0.48437692839511814
"సురభి వాణీలను గెలిపించాలని కోరారు",1,0.6719469934177447
"వాణీలను గెలిపించాలని కోరారు .",1,0.9856367971105419
"గెలిపించాలని కోరారు . నాటి",1,0.12777814261475653
"కోరారు . నాటి ఉద్యమ",1,0.3470340718350269
". నాటి ఉద్యమ కాలం",1,0.4516492777803172
"నాటి ఉద్యమ కాలం నుండి",1,0.4402113630929568
"ఉద్యమ కాలం నుండి విద్యుత్",1,0.4383470423717942
"కాలం నుండి విద్యుత్ ఉద్యోగులతో",1,0.34528264092873
"నుండి విద్యుత్ ఉద్యోగులతో కలిసి",1,0.4729397240823696
"విద్యుత్ ఉద్యోగులతో కలిసి పనిచేశామని",1,0.43825369656042445
"ఉద్యోగులతో కలిసి పనిచేశామని గుర్తుచేశారు",1,0.5781423555560634
"కలిసి పనిచేశామని గుర్తుచేశారు .",1,0.8945027883164969
"పనిచేశామని గుర్తుచేశారు . </s>",1,0.536603361300344
"గుర్తుచేశారు . </s> </s>",3,0.9999677027325796
"<s> <s> <s> విజేతలకి",1,4.710720789678515e-05
"<s> <s> విజేతలకి నిర్వాహకులు",1,0.5781462123462997
"<s> విజేతలకి నిర్వాహకులు బహుమతులు",1,0.4502995180700362
"విజేతలకి నిర్వాహకులు బహుమతులు అందచేశారు",1,0.4531264998628697
"నిర్వాహకులు బహుమతులు అందచేశారు .",1,0.5955750474242355
"బహుమతులు అందచేశారు . </s>",1,0.5383878150671253
"అందచేశారు . </s> </s>",1,0.999903108197739
"<s> <s> ఈ క్రమంలో",5,0.026225256550862542
"<s> ఈ క్రమంలో 2019",1,0.05626306287782023
"ఈ క్రమంలో 2019 ఎన్నికల",1,0.4552006745097591
"క్రమంలో 2019 ఎన్నికల టైంలో",1,0.34472376417210326
"2019 ఎన్నికల టైంలో అదేవిధంగా",1,0.472667820370709
"ఎన్నికల టైంలో అదేవిధంగా పాదయాత్రలో",1,0.4457778440088839
"టైంలో అదేవిధంగా పాదయాత్రలో ఇచ్చిన",1,0.48453505679480735
"అదేవిధంగా పాదయాత్రలో ఇచ్చిన హామీలను",1,0.4501660848151026
"పాదయాత్రలో ఇచ్చిన హామీలను నెరవేర్చుకునే",1,0.33008005339511814
"ఇచ్చిన హామీలను నెరవేర్చుకునే రీతిలో",1,0.5781597111121268
"హామీలను నెరవేర్చుకునే రీతిలో పరిపాలన",1,0.44533949753165425
"నెరవేర్చుకునే రీతిలో పరిపాలన అందిస్తున్నారు",1,0.44579519956494734
"రీతిలో పరిపాలన అందిస్తున్నారు .",1,0.976210296907308
"పరిపాలన అందిస్తున్నారు . </s>",1,0.4764664359376326
"అందిస్తున్నారు . </s> </s>",4,0.9999757770494347
"<s> <s> <s> గర్భధారణ",2,0.0002355360394839258
"<s> <s> గర్భధారణ -",1,0.24317226710700734
"<s> గర్భధారణ - స్త్రీ",1,0.43762700362878315
"గర్భధారణ - స్త్రీ జీవితం",1,0.45513019166819035
"- స్త్రీ జీవితం అతి",1,0.4422569222242538
"స్త్రీ జీవితం అతి ముఖ్యమైన",1,0.45029832597123587
"జీవితం అతి ముఖ్యమైన కాలం",1,0.35262584028031724
"ఏ నిర్లక్ష్యం సమస్యలు పిండం",1,0.439807098198797
"నిర్లక్ష్యం సమస్యలు పిండం హాని",1,0.5781423555560634
"సమస్యలు పిండం హాని కలుగవచ్చు",1,0.45312692839511814
"పిండం హాని కలుగవచ్చు ఉన్నప్పుడు",1,0.5781905654340175
"హాని కలుగవచ్చు ఉన్నప్పుడు .",1,0.49118716288796455
"కలుగవచ్చు ఉన్నప్పుడు . పిల్లలు",1,0.3125866574630231
"ఉన్నప్పుడు . పిల్లలు పుట్టాక",1,0.2914099996571742
". పిల్లలు పుట్టాక సమయంలో",1,0.5080631913653608
"పిల్లలు పుట్టాక సమయంలో వ్యాధి",1,0.4380679363473122
"ఒత్తిడి మెడికేషన్ అడ్మినిస్ట్రేషన్ అవసరమయ్యే",1,0.47265817839511814
"మెడికేషన్ అడ్మినిస్ట్రేషన్ అవసరమయ్యే ఇతర",1,0.5783101259313435
"అడ్మినిస్ట్రేషన్ అవసరమయ్యే ఇతర పరిస్థితుల",1,0.4381760654733368
"అవసరమయ్యే ఇతర పరిస్థితుల నుంచి",1,0.5388571820372341
"ఇతర పరిస్థితుల నుంచి తమను",1,0.34394005380899306
"పరిస్థితుల నుంచి తమను తాము",1,0.5511923168123529
"నుంచి తమను తాము రక్షించుకోవడానికి",1,0.4114845979388007
"తమను తాము రక్షించుకోవడానికి సాధ్యం",1,0.26566935308771766
"తాము రక్షించుకోవడానికి సాధ్యం ఉండాలి",1,0.44343667150431965
"రక్షించుకోవడానికి సాధ్యం ఉండాలి .",1,0.88058409891578
"సాధ్యం ఉండాలి . అన్ని",1,0.2534841914249595
"ఉండాలి . అన్ని తరువాత",1,0.3006545181784722
"దాదాపు అన్ని మందులు ఆశతో",1,0.44490710097482816
"అన్ని మందులు ఆశతో తల్లి",1,0.4844579209900809
"మందులు ఆశతో తల్లి protovopokazany",1,0.440431455195525
"ఆశతో తల్లి protovopokazany .",1,0.5955750474242355
"తల్లి protovopokazany . </s>",1,0.5383878150671253
"protovopokazany . </s> </s>",1,0.999903108197739
"<s> <s> <s> పడుకునే",1,4.710720789678515e-05
"<s> <s> పడుకునే ముందు",1,0.5784354716140239
"<s> పడుకునే ముందు ధ్యానం",1,0.4382024234631553
"పడుకునే ముందు ధ్యానం చేసినా",1,0.45512826327307215
"ముందు ధ్యానం చేసినా నిద్ర",1,0.4425563438281561
"ధ్యానం చేసినా నిద్ర బాగా",1,0.4433095088449056
"చేసినా నిద్ర బాగా పడుతుంది",1,0.4386824908326883
"నిద్ర బాగా పడుతుంది .",1,0.7958486295538694
"బాగా పడుతుంది . ధ్యానం",1,0.26563132353652597
"పడుతుంది . ధ్యానం వల్ల",1,0.45531531759953375
". ధ్యానం వల్ల ఒకే",1,0.4383052006977599
"ధ్యానం వల్ల ఒకే విషయం",1,0.4405253948210449
"వల్ల ఒకే విషయం మీద",1,0.4426592833961303
"ఒకే విషయం మీద దృష్టి",1,0.32181001243522667
"విషయం మీద దృష్టి మళ్ళుతుంది",1,0.2994805951074949
"మీద దృష్టి మళ్ళుతుంది .",1,0.5955750474242355
"దృష్టి మళ్ళుతుంది . అప్పుడు",1,0.43812314911796557
"మళ్ళుతుంది . అప్పుడు మెదడుకి",1,0.25746055165865356
". అప్పుడు మెదడుకి ఆలోచించడానికి",1,0.5078144283951181
"అప్పుడు మెదడుకి ఆలోచించడానికి ఎక్కువ",1,0.5783737629702428
"మెదడుకి ఆలోచించడానికి ఎక్కువ శ్రమ",1,0.4381263319738772
"ఆలోచించడానికి ఎక్కువ శ్రమ పట్టదు",1,0.45312885679023635
"ఎక్కువ శ్రమ పట్టదు .",1,0.7977875237121177
"శ్రమ పట్టదు . అందువల్ల",1,0.344069040649464
"పట్టదు . అందువల్ల తొందరగా",1,0.26490189962438665
". అందువల్ల తొందరగా నిద్రలోకి",1,0.4575950708996402
"అందువల్ల తొందరగా నిద్రలోకి ఉపక్రమించవచ్చు",1,0.48437692839511814
"తొందరగా నిద్రలోకి ఉపక్రమించవచ్చు .",1,0.5955750474242355
"నిద్రలోకి ఉపక్రమించవచ్చు . </s>",1,0.5383878150671253
"ఉపక్రమించవచ్చు . </s> </s>",1,0.999903108197739
"<s> <s> <s> ఆర్బీఐ",3,0.0004225037959552358
"<s> <s> ఆర్బీఐ నిబంధనలు",1,0.17399497284057838
"<s> ఆర్బీఐ నిబంధనలు సమాచార",1,0.44420689700207
"ఆర్బీఐ నిబంధనలు సమాచార స్వేచ్ఛకు",1,0.457590938624387
"నిబంధనలు సమాచార స్వేచ్ఛకు విఘాతమని",1,0.5781269283951181
"సమాచార స్వేచ్ఛకు విఘాతమని సెనెటర్లు",1,0.5781288567902363
"స్వేచ్ఛకు విఘాతమని సెనెటర్లు రిపబ్లికన్",1,0.5078163567902363
"విఘాతమని సెనెటర్లు రిపబ్లికన్ పార్టీకి",1,0.5078915641998446
"సెనెటర్లు రిపబ్లికన్ పార్టీకి చెందిన",1,0.5151105113246789
"రిపబ్లికన్ పార్టీకి చెందిన జాన్",1,0.27125091190907114
"పార్టీకి చెందిన జాన్ కార్నిన్",1,0.44831893941125384
"డెమొక్రటిక్ పార్టీకి చెందిన మార్క్",1,0.2712573143993785
"పార్టీకి చెందిన మార్క్ వార్నర్",1,0.44390677138090234
"చెందిన మార్క్ వార్నర్ మోదీకి",1,0.44832620797746847
"మార్క్ వార్నర్ మోదీకి రాసిన",1,0.465684780248663
"వార్నర్ మోదీకి రాసిన లేఖలో",1,0.4946500583339523
"మోదీకి రాసిన లేఖలో వ్యాఖ్యానించారు",1,0.30304614385566736
"రాసిన లేఖలో వ్యాఖ్యానించారు .",1,0.9789005576632994
"లేఖలో వ్యాఖ్యానించారు . ఈ",1,0.28745929415388727
"వ్యాఖ్యానించారు . ఈ నిబంధనలు",1,0.12524490593780813
". ఈ నిబంధనలు విదేశీ",1,0.35048306807867363
"ఈ నిబంధనలు విదేశీ సంస్థల",1,0.46096854716140234
"నిబంధనలు విదేశీ సంస్థల నిర్వహణ",1,0.3484742680669196
"విదేశీ సంస్థల నిర్వహణ వ్యయాన్ని",1,0.4442037748385454
"సంస్థల నిర్వహణ వ్యయాన్ని పెంచుతాయని",1,0.47265817839511814
"సేవలను ప్రియం చేస్తాయన్న సెనెటర్లు",1,0.5781288567902363
"ప్రియం చేస్తాయన్న సెనెటర్లు .",1,0.5252625474242355
"చేస్తాయన్న సెనెటర్లు . .",1,0.5093062942680476
"సెనెటర్లు . . భారత",1,0.2512443898368705
". . భారత సంస్థలకు",1,0.049002352480494296
". భారత సంస్థలకు లాభిస్తుందని",1,0.4475464335097526
"దానివల్ల విదేశీ పెట్టుబడులపైనా ప్రభావం",1,0.578232990126617
"విదేశీ పెట్టుబడులపైనా ప్రభావం చూపుతుందని",1,0.4481552206135958
"పెట్టుబడులపైనా ప్రభావం చూపుతుందని తెలిపారు",1,0.41460437902820313
"ప్రభావం చూపుతుందని తెలిపారు .",1,0.9922864589145128
"చూపుతుందని తెలిపారు . </s>",1,0.5139772191433438
"తెలిపారు . </s> </s>",113,0.9999991425504225
"<s> <s> <s> రోడ్డుపై",2,0.00023595348951702024
"<s> <s> రోడ్డుపై బైఠాయించిన",1,0.23633005339511814
"<s> రోడ్డుపై బైఠాయించిన వారిని",1,0.5782734864240984
"రోడ్డుపై బైఠాయించిన వారిని తప్పించే",1,0.43898395755696323
"బైఠాయించిన వారిని తప్పించే ప్రయత్నం",1,0.5078934925949627
"వారిని తప్పించే ప్రయత్నం చేశాం",1,0.4524773388499921
"తప్పించే ప్రయత్నం చేశాం </s>",1,0.35395935228779085
"ప్రయత్నం చేశాం </s> </s>",1,0.4408374091511633
"చేశాం </s> </s> </s>",1,0.25444987886821774
"<s> <s> <s> ఉత్తమ",3,0.00042646957126963323
"<s> <s> ఉత్తమ కన్నడ",1,0.15087459435681527
"<s> ఉత్తమ కన్నడ చిత్రం",1,0.4464341742326416
"ఉత్తమ కన్నడ చిత్రం :",1,0.45468644231179123
"కన్నడ చిత్రం : హెబ్బెట్టు",1,0.28139645918795075
"చిత్రం : హెబ్బెట్టు రామక్క",1,0.5781269283951181
": హెబ్బెట్టు రామక్క </s>",1,0.5806280568633725
"హెబ్బెట్టు రామక్క </s> </s>",1,0.4408374091511633
"రామక్క </s> </s> </s>",1,0.25444987886821774
"<s> <s> <s> టెన్",1,4.7315932913332384e-05
"<s> <s> టెన్ టీవీ",1,0.7890962469145678
"<s> టెన్ టీవీ ఎఫెక్ట్",1,0.3469561468016431
"టెన్ టీవీ ఎఫెక్ట్ తో",1,0.5382894074174442
"టీవీ ఎఫెక్ట్ తో కర్నూలు",1,0.3442159059925076
"ఎఫెక్ట్ తో కర్నూలు జిల్లాలో",1,0.5681788430363918
"తో కర్నూలు జిల్లాలో యూరేనియం",1,0.29829716867444844
"కర్నూలు జిల్లాలో యూరేనియం కోసం",1,0.5789291407642729
"జిల్లాలో యూరేనియం కోసం అన్వేషణ",1,0.4407173674023316
"యూరేనియం కోసం అన్వేషణ పూర్తిగా",1,0.31712048571885676
"కోసం అన్వేషణ పూర్తిగా ఆగిపోయింది",1,0.4390875097519174
"అన్వేషణ పూర్తిగా ఆగిపోయింది .",1,0.8101050189696942
"పూర్తిగా ఆగిపోయింది . ఆళ్లగడ్డ",1,0.29688062276197513
"ఆగిపోయింది . ఆళ్లగడ్డ నియోజకవర్గం",1,0.48441356790236323
". ఆళ్లగడ్డ నియోజకవర్గం యాదవాడ",1,0.44419762233983506
"ఆళ్లగడ్డ నియోజకవర్గం యాదవాడ సమీపంలో",1,0.578173209877954
"నియోజకవర్గం యాదవాడ సమీపంలో యురేనియం",1,0.4423520637719034
"యాదవాడ సమీపంలో యురేనియం కోసం",1,0.7894645703821366
"సమీపంలో యురేనియం కోసం అన్వేషణ",1,0.7203586837011657
"యురేనియం కోసం అన్వేషణ జరుగుతున్న",1,0.19205106349460294
"కోసం అన్వేషణ జరుగుతున్న విషయాన్ని",1,0.4402727478652501
"అన్వేషణ జరుగుతున్న విషయాన్ని 10",1,0.4392467865217331
"జరుగుతున్న విషయాన్ని 10 టీవీ",1,0.4378450700079527
"విషయాన్ని 10 టీవీ బయటపెట్టింది",1,0.44069891531995
"10 టీవీ బయటపెట్టింది .",1,0.5252625474242355
"టీవీ బయటపెట్టింది . రైతులకు",1,0.43763627162561647
"బయటపెట్టింది . రైతులకు చెప్పకుండానే",1,0.2774572304409719
". రైతులకు చెప్పకుండానే .",1,0.5955750474242355
"రైతులకు చెప్పకుండానే . .",1,0.5093062942680476
"చెప్పకుండానే . . వారి",1,0.2514780153249303
". . వారి భూముల్లో",1,0.04184099558896137
". వారి భూముల్లో సౌత్",1,0.5078317839511817
"వారి భూముల్లో సౌత్ వెస్ట్",1,0.48145471342620105
"భూముల్లో సౌత్ వెస్ట్ పినాకిల్",1,0.7507110161616393
"సౌత్ వెస్ట్ పినాకిల్ సంస్థ",2,0.9472880425932486
"వెస్ట్ పినాకిల్ సంస్థ యురేనియం",1,0.21959472174177952
"పినాకిల్ సంస్థ యురేనియం కోసం",1,0.7894645703821366
"సంస్థ యురేనియం కోసం అన్వేషణ",1,0.7203586837011657
"యురేనియం కోసం అన్వేషణ చేపట్టింది",1,0.1919835696654673
"కోసం అన్వేషణ చేపట్టింది .",1,0.8641341038429733
"అన్వేషణ చేపట్టింది . అయితే",1,0.3602807627556056
"చేపట్టింది . అయితే .",1,0.3147479974114965
". అయితే . .",20,0.9331983117963137
"అయితే . . ఈ",3,0.09135213112613902
". . ఈ విషయం",1,0.014556393029006472
". ఈ విషయం టెన్",1,0.01977964567268123
"ఈ విషయం టెన్ టీవీ",1,0.7890962469145678
"విషయం టెన్ టీవీ బయటపెట్టడంతో",1,0.34694746902361134
"టెన్ టీవీ బయటపెట్టడంతో సౌత్",1,0.5781442839511817
"టీవీ బయటపెట్టడంతో సౌత్ వెస్ట్",1,0.48145471342620105
"బయటపెట్టడంతో సౌత్ వెస్ట్ పినాకిల్",1,0.7507110161616393
"వెస్ట్ పినాకిల్ సంస్థ పనులు",1,0.21966775826347032
"పినాకిల్ సంస్థ పనులు నిలిపివేసింది",1,0.43980848917232485
"సంస్థ పనులు నిలిపివేసింది .",1,0.7977875237121177
"పనులు నిలిపివేసింది . .",1,0.41555629426804763
"నిలిపివేసింది . . సామాగ్రిని",1,0.2500504224993716
". . సామాగ్రిని సైతం",1,0.5080072679069343
". సామాగ్రిని సైతం తీసుకుని",1,0.43894472642721016
"సామాగ్రిని సైతం తీసుకుని వెళ్లిపోయింది",1,0.4399353413796256
"సైతం తీసుకుని వెళ్లిపోయింది .",1,0.919115009484847
"తీసుకుని వెళ్లిపోయింది . </s>",1,0.3883878150671253
"వెళ్లిపోయింది . </s> </s>",1,0.999903108197739
"<s> <s> <s> సామాజిక",3,0.0004316876966833141
"<s> <s> సామాజిక తరగతి",1,0.14733016039034827
"జీవన విధానం వ్యక్తిత్వ లక్షణాల",1,0.5078202135804726
"విధానం వ్యక్తిత్వ లక్షణాల ఆధారంగా",1,0.6133607962986242
"వ్యక్తిత్వ లక్షణాల ఆధారంగా గ్రూప్లుగా",1,0.3460953891358505
"లక్షణాల ఆధారంగా గ్రూప్లుగా సైకోగ్రఫిక్",1,0.5781269283951181
"ఆధారంగా గ్రూప్లుగా సైకోగ్రఫిక్ సెగ్మెంటేషన్",1,0.5781269283951181
"గ్రూప్లుగా సైకోగ్రఫిక్ సెగ్మెంటేషన్ విభజించబడింది",1,0.5781346419755908
"సైకోగ్రఫిక్ సెగ్మెంటేషన్ విభజించబడింది .",1,0.919115009484847
"సెగ్మెంటేషన్ విభజించబడింది . ఉత్పత్తుల",1,0.28750987490033425
"విభజించబడింది . ఉత్పత్తుల బ్రాండ్లు",1,0.44833080645813483
". ఉత్పత్తుల బ్రాండ్లు వ్యక్తిగత",1,0.45764520917271234
"ఉత్పత్తుల బ్రాండ్లు వ్యక్తిగత కొనుగోళ్లు",1,0.4408569379779155
"బ్రాండ్లు వ్యక్తిగత కొనుగోళ్లు రకాలు",1,0.472667820370709
"వ్యక్తిగత కొనుగోళ్లు రకాలు వ్యక్తులు",1,0.4609606407414179
"కొనుగోళ్లు రకాలు వ్యక్తులు లక్షణాలు",1,0.44838480152144333
"రకాలు వ్యక్తులు లక్షణాలు జీవన",1,0.4408719978255049
"వ్యక్తులు లక్షణాలు జీవన నమూనాలు",1,0.4453253559674544
"లక్షణాలు జీవన నమూనాలు ప్రతిబింబిస్తుంది",1,0.45313078518535443
"జీవన నమూనాలు ప్రతిబింబిస్తుంది భావన",1,0.48438785596745443
"నమూనాలు ప్రతిబింబిస్తుంది భావన ఆధారంగా",1,0.451657955558349
"ప్రతిబింబిస్తుంది భావన ఆధారంగా .",1,0.4921762903106002
"భావన ఆధారంగా . చర్యలు",1,0.2875323922372158
"ఆసక్తులు అభిప్రాయాల అధ్యయనాలు జీవన",1,0.46096449753165425
"అభిప్రాయాల అధ్యయనాలు జీవన విధానాన్ని",1,0.4765898189308406
"అధ్యయనాలు జీవన విధానాన్ని కొలవడానికి",1,0.3511532441845918
"జీవన విధానాన్ని కొలవడానికి సాధనంగా",1,0.5781307851853545
"విధానాన్ని కొలవడానికి సాధనంగా చెప్పవచ్చు",1,0.48440778271700874
"కొలవడానికి సాధనంగా చెప్పవచ్చు .",1,0.9747234404640148
"సాధనంగా చెప్పవచ్చు . </s>",1,0.478009611300344
